{
    "backprop": {
        "linear2_W": [
            [
                0.5554729211595032
            ],
            [
                0.48533144495771313
            ]
        ],
        "linear2_b": [
            [
                0.6585057038369607
            ]
        ],
        "linear1_W": [
            [
                0.012416813333871662,
                0.08307470494107291
            ],
            [
                0.012416813333871662,
                0.08307470494107291
            ]
        ],
        "linear1_b": [
            [
                0.012416813333871662,
                0.08307470494107291
            ]
        ]
    },
    "analytical": {
        "linear2_W": [
            [
                0.555472921215383
            ],
            [
                0.4853314451436219
            ]
        ],
        "linear2_b": [
            [
                0.6585057037433728
            ]
        ],
        "linear1_W": [
            [
                0.012416813355287104,
                0.08307470489299362
            ],
            [
                0.012416813355287104,
                0.08307470489299362
            ]
        ],
        "linear1_b": [
            [
                0.012416813355287104,
                0.08307470489299362
            ]
        ]
    },
    "difference": {
        "linear2_W": [
            [
                5.587985629773584e-11
            ],
            [
                1.8590878836377556e-10
            ]
        ],
        "linear2_b": [
            [
                9.358791519531451e-11
            ]
        ],
        "linear1_W": [
            [
                2.1415442336136792e-11,
                4.8079290548841414e-11
            ],
            [
                2.1415442336136792e-11,
                4.8079290548841414e-11
            ]
        ],
        "linear1_b": [
            [
                2.1415442336136792e-11,
                4.8079290548841414e-11
            ]
        ]
    }
}